,breakdown,auc,disease,Age Range,Gender,fields
0,MND|50-70|Male|Carriers,0.4704142011834319,MND,50-70,Male,Blood
1,MND|50-70|Male|Carriers,0.43343195266272194,MND,50-70,Male,Blood
2,MND|50-70|Male|Non Carriers,0.5751953125,MND,50-70,Male,Blood
3,MND|50-70|Male|Non Carriers,0.5068359375,MND,50-70,Male,Blood
4,MND|50-70|Male|All,0.5557372175980975,MND,50-70,Male,Blood
5,MND|50-70|Male|All,0.5071343638525565,MND,50-70,Male,Blood
6,MND|50-70|Female|Carriers,0.3576388888888889,MND,50-70,Female,Blood
7,MND|50-70|Female|Carriers,0.5329861111111112,MND,50-70,Female,Blood
8,MND|50-70|Female|Non Carriers,0.47916666666666663,MND,50-70,Female,Blood
9,MND|50-70|Female|Non Carriers,0.5609567901234568,MND,50-70,Female,Blood
10,MND|50-70|Female|All,0.4409722222222222,MND,50-70,Female,Blood
11,MND|50-70|Female|All,0.4938888888888889,MND,50-70,Female,Blood
12,MND|50-70|All|Carriers,0.473,MND,50-70,All,Blood
13,MND|50-70|All|Carriers,0.5224000000000001,MND,50-70,All,Blood
14,MND|50-70|All|Non Carriers,0.4475950430581811,MND,50-70,All,Blood
15,MND|50-70|All|Non Carriers,0.4242806133165301,MND,50-70,All,Blood
16,MND|50-70|All|All,0.47536627405917836,MND,50-70,All,Blood
17,MND|50-70|All|All,0.5355142200517093,MND,50-70,All,Blood
18,MND|55-70|Male|Carriers,0.4914933837429112,MND,55-70,Male,Blood
19,MND|55-70|Male|Carriers,0.6408317580340265,MND,55-70,Male,Blood
20,MND|55-70|Male|Non Carriers,0.5165816326530612,MND,55-70,Male,Blood
21,MND|55-70|Male|Non Carriers,0.45918367346938777,MND,55-70,Male,Blood
22,MND|55-70|Male|All,0.4090236686390532,MND,55-70,Male,Blood
23,MND|55-70|Male|All,0.5695266272189349,MND,55-70,Male,Blood
24,MND|55-70|Female|Carriers,0.5192743764172336,MND,55-70,Female,Blood
25,MND|55-70|Female|Carriers,0.41723356009070295,MND,55-70,Female,Blood
26,MND|55-70|Female|Non Carriers,0.3876953125,MND,55-70,Female,Blood
27,MND|55-70|Female|Non Carriers,0.419921875,MND,55-70,Female,Blood
28,MND|55-70|Female|All,0.5315058739765041,MND,55-70,Female,Blood
29,MND|55-70|Female|All,0.5112139551441794,MND,55-70,Female,Blood
30,MND|55-70|All|Carriers,0.5578512396694215,MND,55-70,All,Blood
31,MND|55-70|All|Carriers,0.48605371900826455,MND,55-70,All,Blood
32,MND|55-70|All|Non Carriers,0.4608333333333333,MND,55-70,All,Blood
33,MND|55-70|All|Non Carriers,0.49861111111111117,MND,55-70,All,Blood
34,MND|55-70|All|All,0.554271449704142,MND,55-70,All,Blood
35,MND|55-70|All|All,0.48539201183431946,MND,55-70,All,Blood
36,MND|60-70|Male|Carriers,0.48199445983379496,MND,60-70,Male,Blood
37,MND|60-70|Male|Carriers,0.6343490304709142,MND,60-70,Male,Blood
38,MND|60-70|Male|Non Carriers,0.41209829867674863,MND,60-70,Male,Blood
39,MND|60-70|Male|Non Carriers,0.555765595463138,MND,60-70,Male,Blood
40,MND|60-70|Male|All,0.5175736961451247,MND,60-70,Male,Blood
41,MND|60-70|Male|All,0.44727891156462585,MND,60-70,Male,Blood
42,MND|60-70|Female|Carriers,0.6193771626297578,MND,60-70,Female,Blood
43,MND|60-70|Female|Carriers,0.5190311418685121,MND,60-70,Female,Blood
44,MND|60-70|Female|Non Carriers,0.47633136094674555,MND,60-70,Female,Blood
45,MND|60-70|Female|Non Carriers,0.514792899408284,MND,60-70,Female,Blood
46,MND|60-70|Female|All,0.599242833964305,MND,60-70,Female,Blood
47,MND|60-70|Female|All,0.48431584640346137,MND,60-70,Female,Blood
48,MND|60-70|All|Carriers,0.503858024691358,MND,60-70,All,Blood
49,MND|60-70|All|Carriers,0.6604938271604938,MND,60-70,All,Blood
50,MND|60-70|All|Non Carriers,0.3760932944606414,MND,60-70,All,Blood
51,MND|60-70|All|Non Carriers,0.5310287380258226,MND,60-70,All,Blood
52,MND|60-70|All|All,0.4862283737024221,MND,60-70,All,Blood
53,MND|60-70|All|All,0.5424221453287197,MND,60-70,All,Blood
54,MND|50-60|Male|Carriers,0.5987654320987654,MND,50-60,Male,Blood
55,MND|50-60|Male|Carriers,0.4876543209876543,MND,50-60,Male,Blood
56,MND|50-60|Male|Non Carriers,0.3,MND,50-60,Male,Blood
57,MND|50-60|Male|Non Carriers,0.4,MND,50-60,Male,Blood
58,MND|50-60|Male|All,0.5549999999999999,MND,50-60,Male,Blood
59,MND|50-60|Male|All,0.44,MND,50-60,Male,Blood
60,MND|50-60|Female|Carriers,0.5,MND,50-60,Female,Blood
61,MND|50-60|Female|Carriers,0.5,MND,50-60,Female,Blood
62,MND|50-60|Female|Non Carriers,0.6153846153846154,MND,50-60,Female,Blood
63,MND|50-60|Female|Non Carriers,0.4497041420118343,MND,50-60,Female,Blood
64,MND|50-60|Female|All,0.5056689342403629,MND,50-60,Female,Blood
65,MND|50-60|Female|All,0.38775510204081637,MND,50-60,Female,Blood
66,MND|50-60|All|Carriers,0.5154320987654321,MND,50-60,All,Blood
67,MND|50-60|All|Carriers,0.3487654320987654,MND,50-60,All,Blood
68,MND|50-60|All|Non Carriers,0.6521739130434782,MND,50-60,All,Blood
69,MND|50-60|All|Non Carriers,0.44990548204158787,MND,50-60,All,Blood
70,MND|50-60|All|All,0.519333729922665,MND,50-60,All,Blood
71,MND|50-60|All|All,0.5252825698988697,MND,50-60,All,Blood
72,FTD|50-70|Male|Carriers,0.6611570247933884,FTD,50-70,Male,Blood
73,FTD|50-70|Male|Carriers,0.49173553719008267,FTD,50-70,Male,Blood
74,FTD|50-70|Male|Non Carriers,0.6887755102040817,FTD,50-70,Male,Blood
75,FTD|50-70|Male|Non Carriers,0.5255102040816326,FTD,50-70,Male,Blood
76,FTD|50-70|Male|All,0.3668639053254438,FTD,50-70,Male,Blood
77,FTD|50-70|Male|All,0.5399408284023669,FTD,50-70,Male,Blood
78,FTD|50-70|Female|Carriers,0.5190311418685121,FTD,50-70,Female,Blood
79,FTD|50-70|Female|Carriers,0.6262975778546713,FTD,50-70,Female,Blood
80,FTD|50-70|Female|Non Carriers,0.5688888888888889,FTD,50-70,Female,Blood
81,FTD|50-70|Female|Non Carriers,0.6,FTD,50-70,Female,Blood
82,FTD|50-70|Female|All,0.4912109375,FTD,50-70,Female,Blood
83,FTD|50-70|Female|All,0.5458984375,FTD,50-70,Female,Blood
84,FTD|50-70|All|Carriers,0.5535714285714285,FTD,50-70,All,Blood
85,FTD|50-70|All|Carriers,0.5931122448979592,FTD,50-70,All,Blood
86,FTD|50-70|All|Non Carriers,0.6064209274673008,FTD,50-70,All,Blood
87,FTD|50-70|All|Non Carriers,0.49464922711058257,FTD,50-70,All,Blood
88,FTD|50-70|All|All,0.5604801477377656,FTD,50-70,All,Blood
89,FTD|50-70|All|All,0.5715604801477379,FTD,50-70,All,Blood
90,FTD|55-70|Male|Carriers,0.5449999999999999,FTD,55-70,Male,Blood
91,FTD|55-70|Male|Carriers,0.615,FTD,55-70,Male,Blood
92,FTD|55-70|Male|Non Carriers,0.4023668639053254,FTD,55-70,Male,Blood
93,FTD|55-70|Male|Non Carriers,0.5029585798816568,FTD,55-70,Male,Blood
94,FTD|55-70|Male|All,0.4895833333333333,FTD,55-70,Male,Blood
95,FTD|55-70|Male|All,0.595486111111111,FTD,55-70,Male,Blood
96,FTD|55-70|Female|Carriers,0.58984375,FTD,55-70,Female,Blood
97,FTD|55-70|Female|Carriers,0.54296875,FTD,55-70,Female,Blood
98,FTD|55-70|Female|Non Carriers,0.5306122448979592,FTD,55-70,Female,Blood
99,FTD|55-70|Female|Non Carriers,0.5816326530612245,FTD,55-70,Female,Blood
100,FTD|55-70|Female|All,0.5544444444444444,FTD,55-70,Female,Blood
101,FTD|55-70|Female|All,0.5622222222222222,FTD,55-70,Female,Blood
102,FTD|55-70|All|Carriers,0.5710059171597632,FTD,55-70,All,Blood
103,FTD|55-70|All|Carriers,0.48298816568047337,FTD,55-70,All,Blood
104,FTD|55-70|All|Non Carriers,0.5733882030178326,FTD,55-70,All,Blood
105,FTD|55-70|All|Non Carriers,0.5308641975308642,FTD,55-70,All,Blood
106,FTD|55-70|All|All,0.4396582413670346,FTD,55-70,All,Blood
107,FTD|55-70|All|All,0.5297258810964756,FTD,55-70,All,Blood
108,FTD|60-70|Male|Carriers,0.3333333333333333,FTD,60-70,Male,Blood
109,FTD|60-70|Male|Carriers,0.6111111111111112,FTD,60-70,Male,Blood
110,FTD|60-70|Male|Non Carriers,0.5,FTD,60-70,Male,Blood
111,FTD|60-70|Male|Non Carriers,0.5,FTD,60-70,Male,Blood
112,FTD|60-70|Male|All,0.5743944636678201,FTD,60-70,Male,Blood
113,FTD|60-70|Male|All,0.6470588235294117,FTD,60-70,Male,Blood
114,FTD|60-70|Female|Carriers,0.4693877551020408,FTD,60-70,Female,Blood
115,FTD|60-70|Female|Carriers,0.49489795918367346,FTD,60-70,Female,Blood
116,FTD|60-70|Female|Non Carriers,0.7066115702479339,FTD,60-70,Female,Blood
117,FTD|60-70|Female|Non Carriers,0.5619834710743802,FTD,60-70,Female,Blood
118,FTD|60-70|Female|All,0.3888,FTD,60-70,Female,Blood
119,FTD|60-70|Female|All,0.40159999999999996,FTD,60-70,Female,Blood
120,FTD|60-70|All|Carriers,0.44834710743801653,FTD,60-70,All,Blood
121,FTD|60-70|All|Carriers,0.5702479338842975,FTD,60-70,All,Blood
122,FTD|60-70|All|Non Carriers,0.305,FTD,60-70,All,Blood
123,FTD|60-70|All|Non Carriers,0.28250000000000003,FTD,60-70,All,Blood
124,FTD|60-70|All|All,0.5413737155219037,FTD,60-70,All,Blood
125,FTD|60-70|All|All,0.6414277988101676,FTD,60-70,All,Blood
126,FTD|50-60|Male|Carriers,0.5,FTD,50-60,Male,Blood
127,FTD|50-60|Male|Carriers,0.5,FTD,50-60,Male,Blood
128,FTD|50-60|Male|Non Carriers,0.5,FTD,50-60,Male,Blood
129,FTD|50-60|Male|Non Carriers,0.5,FTD,50-60,Male,Blood
130,FTD|50-60|Male|All,0.5850000000000001,FTD,50-60,Male,Blood
131,FTD|50-60|Male|All,0.5599999999999999,FTD,50-60,Male,Blood
132,FTD|50-60|Female|Carriers,0.5,FTD,50-60,Female,Blood
133,FTD|50-60|Female|Carriers,0.5,FTD,50-60,Female,Blood
134,FTD|50-60|Female|Non Carriers,0.5,FTD,50-60,Female,Blood
135,FTD|50-60|Female|Non Carriers,0.5,FTD,50-60,Female,Blood
136,FTD|50-60|Female|All,0.4375,FTD,50-60,Female,Blood
137,FTD|50-60|Female|All,0.5625,FTD,50-60,Female,Blood
138,FTD|50-60|All|Carriers,0.5,FTD,50-60,All,Blood
139,FTD|50-60|All|Carriers,0.5,FTD,50-60,All,Blood
140,FTD|50-60|All|Non Carriers,0.4793388429752066,FTD,50-60,All,Blood
141,FTD|50-60|All|Non Carriers,0.4132231404958677,FTD,50-60,All,Blood
142,FTD|50-60|All|All,0.42901234567901236,FTD,50-60,All,Blood
143,FTD|50-60|All|All,0.43209876543209874,FTD,50-60,All,Blood
144,VD|50-70|Male|Carriers,0.6289046230737193,VD,50-70,Male,Blood
145,VD|50-70|Male|Carriers,0.6780508121615992,VD,50-70,Male,Blood
146,VD|50-70|Male|Non Carriers,0.6995317377731529,VD,50-70,Male,Blood
147,VD|50-70|Male|Non Carriers,0.6149843912591051,VD,50-70,Male,Blood
148,VD|50-70|Male|All,0.6651953125000001,VD,50-70,Male,Blood
149,VD|50-70|Male|All,0.6225,VD,50-70,Male,Blood
150,VD|50-70|Female|Carriers,0.6620138888888889,VD,50-70,Female,Blood
151,VD|50-70|Female|Carriers,0.6520138888888889,VD,50-70,Female,Blood
152,VD|50-70|Female|Non Carriers,0.7465192900414497,VD,50-70,Female,Blood
153,VD|50-70|Female|Non Carriers,0.6840790732277605,VD,50-70,Female,Blood
154,VD|50-70|Female|All,0.6812949945847224,VD,50-70,Female,Blood
155,VD|50-70|Female|All,0.6867208902291406,VD,50-70,Female,Blood
156,VD|50-70|All|Carriers,0.6277670229778638,VD,50-70,All,Blood
157,VD|50-70|All|Carriers,0.6415495328676037,VD,50-70,All,Blood
158,VD|50-70|All|Non Carriers,0.6652822277599778,VD,50-70,All,Blood
159,VD|50-70|All|Non Carriers,0.666271112693327,VD,50-70,All,Blood
160,VD|50-70|All|All,0.6591195322559084,VD,50-70,All,Blood
161,VD|50-70|All|All,0.6432325563396633,VD,50-70,All,Blood
162,VD|55-70|Male|Carriers,0.6203342013888888,VD,55-70,Male,Blood
163,VD|55-70|Male|Carriers,0.5354817708333334,VD,55-70,Male,Blood
164,VD|55-70|Male|Non Carriers,0.6394444444444445,VD,55-70,Male,Blood
165,VD|55-70|Male|Non Carriers,0.6308333333333334,VD,55-70,Male,Blood
166,VD|55-70|Male|All,0.6534763313609466,VD,55-70,Male,Blood
167,VD|55-70|Male|All,0.6630917159763314,VD,55-70,Male,Blood
168,VD|55-70|Female|Carriers,0.6580005745475439,VD,55-70,Female,Blood
169,VD|55-70|Female|Carriers,0.6141195058891123,VD,55-70,Female,Blood
170,VD|55-70|Female|Non Carriers,0.6249307479224377,VD,55-70,Female,Blood
171,VD|55-70|Female|Non Carriers,0.6732409972299168,VD,55-70,Female,Blood
172,VD|55-70|Female|All,0.6506763972944107,VD,55-70,Female,Blood
173,VD|55-70|Female|All,0.6304067283730865,VD,55-70,Female,Blood
174,VD|55-70|All|Carriers,0.6089614813520832,VD,55-70,All,Blood
175,VD|55-70|All|Carriers,0.5992881474364573,VD,55-70,All,Blood
176,VD|55-70|All|Non Carriers,0.6623100936524453,VD,55-70,All,Blood
177,VD|55-70|All|Non Carriers,0.6491987513007285,VD,55-70,All,Blood
178,VD|55-70|All|All,0.6662553888411513,VD,55-70,All,Blood
179,VD|55-70|All|All,0.6364524349850544,VD,55-70,All,Blood
180,VD|60-70|Male|Carriers,0.599952741020794,VD,60-70,Male,Blood
181,VD|60-70|Male|Carriers,0.6127126654064272,VD,60-70,Male,Blood
182,VD|60-70|Male|Non Carriers,0.5507015306122449,VD,60-70,Male,Blood
183,VD|60-70|Male|Non Carriers,0.6393494897959184,VD,60-70,Male,Blood
184,VD|60-70|Male|All,0.6771365960555149,VD,60-70,Male,Blood
185,VD|60-70|Male|All,0.5876552227903579,VD,60-70,Male,Blood
186,VD|60-70|Female|Carriers,0.6318491709452067,VD,60-70,Female,Blood
187,VD|60-70|Female|Carriers,0.6059254271525966,VD,60-70,Female,Blood
188,VD|60-70|Female|Non Carriers,0.643942396617783,VD,60-70,Female,Blood
189,VD|60-70|Female|Non Carriers,0.6630334258158277,VD,60-70,Female,Blood
190,VD|60-70|Female|All,0.6412692628071637,VD,60-70,Female,Blood
191,VD|60-70|Female|All,0.6560027072053312,VD,60-70,Female,Blood
192,VD|60-70|All|Carriers,0.6077572337318383,VD,60-70,All,Blood
193,VD|60-70|All|Carriers,0.6154674389247791,VD,60-70,All,Blood
194,VD|60-70|All|Non Carriers,0.6168516797887427,VD,60-70,All,Blood
195,VD|60-70|All|Non Carriers,0.66428676218886,VD,60-70,All,Blood
196,VD|60-70|All|All,0.6426235465116279,VD,60-70,All,Blood
197,VD|60-70|All|All,0.6311984518658735,VD,60-70,All,Blood
198,VD|50-60|Male|Carriers,0.5,VD,50-60,Male,Blood
199,VD|50-60|Male|Carriers,0.5,VD,50-60,Male,Blood
200,VD|50-60|Male|Non Carriers,0.5,VD,50-60,Male,Blood
201,VD|50-60|Male|Non Carriers,0.5,VD,50-60,Male,Blood
202,VD|50-60|Male|All,0.52734375,VD,50-60,Male,Blood
203,VD|50-60|Male|All,0.75,VD,50-60,Male,Blood
204,VD|50-60|Female|Carriers,0.6488888888888888,VD,50-60,Female,Blood
205,VD|50-60|Female|Carriers,0.6355555555555555,VD,50-60,Female,Blood
206,VD|50-60|Female|Non Carriers,0.47959183673469385,VD,50-60,Female,Blood
207,VD|50-60|Female|Non Carriers,0.461734693877551,VD,50-60,Female,Blood
208,VD|50-60|Female|All,0.7003567181926278,VD,50-60,Female,Blood
209,VD|50-60|Female|All,0.6623067776456598,VD,50-60,Female,Blood
210,VD|50-60|All|Carriers,0.7712665406427222,VD,50-60,All,Blood
211,VD|50-60|All|Carriers,0.7485822306238186,VD,50-60,All,Blood
212,VD|50-60|All|Non Carriers,0.5433884297520661,VD,50-60,All,Blood
213,VD|50-60|All|Non Carriers,0.5578512396694215,VD,50-60,All,Blood
214,VD|50-60|All|All,0.6849382716049383,VD,50-60,All,Blood
215,VD|50-60|All|All,0.6261728395061729,VD,50-60,All,Blood
216,AD|50-70|Male|Carriers,0.636881431570294,AD,50-70,Male,Blood
217,AD|50-70|Male|Carriers,0.6131002187284391,AD,50-70,Male,Blood
218,AD|50-70|Male|Non Carriers,0.5922902112616784,AD,50-70,Male,Blood
219,AD|50-70|Male|Non Carriers,0.6003703391970373,AD,50-70,Male,Blood
220,AD|50-70|Male|All,0.638517165814463,AD,50-70,Male,Blood
221,AD|50-70|Male|All,0.6087801314828342,AD,50-70,Male,Blood
222,AD|50-70|Female|Carriers,0.6094952148620755,AD,50-70,Female,Blood
223,AD|50-70|Female|Carriers,0.5122286858072184,AD,50-70,Female,Blood
224,AD|50-70|Female|Non Carriers,0.5647155248958406,AD,50-70,Female,Blood
225,AD|50-70|Female|Non Carriers,0.5331603032579741,AD,50-70,Female,Blood
226,AD|50-70|Female|All,0.5773313148788928,AD,50-70,Female,Blood
227,AD|50-70|Female|All,0.545454152249135,AD,50-70,Female,Blood
228,AD|50-70|All|Carriers,0.6215516493055556,AD,50-70,All,Blood
229,AD|50-70|All|Carriers,0.5892100694444444,AD,50-70,All,Blood
230,AD|50-70|All|Non Carriers,0.5251984877126654,AD,50-70,All,Blood
231,AD|50-70|All|Non Carriers,0.5892249527410207,AD,50-70,All,Blood
232,AD|50-70|All|All,0.5934348343582623,AD,50-70,All,Blood
233,AD|50-70|All|All,0.5977921047411228,AD,50-70,All,Blood
234,AD|55-70|Male|Carriers,0.5709624672591561,AD,55-70,Male,Blood
235,AD|55-70|Male|Carriers,0.6006752562491484,AD,55-70,Male,Blood
236,AD|55-70|Male|Non Carriers,0.585124716553288,AD,55-70,Male,Blood
237,AD|55-70|Male|Non Carriers,0.5338775510204081,AD,55-70,Male,Blood
238,AD|55-70|Male|All,0.591450199932847,AD,55-70,Male,Blood
239,AD|55-70|Male|All,0.6085398797350507,AD,55-70,Male,Blood
240,AD|55-70|Female|Carriers,0.5348508230452675,AD,55-70,Female,Blood
241,AD|55-70|Female|Carriers,0.5357510288065844,AD,55-70,Female,Blood
242,AD|55-70|Female|Non Carriers,0.5259982763573686,AD,55-70,Female,Blood
243,AD|55-70|Female|Non Carriers,0.5300201091640333,AD,55-70,Female,Blood
244,AD|55-70|Female|All,0.5765803721897522,AD,55-70,Female,Blood
245,AD|55-70|Female|All,0.5481193302018716,AD,55-70,Female,Blood
246,AD|55-70|All|Carriers,0.5696177071367592,AD,55-70,All,Blood
247,AD|55-70|All|Carriers,0.5817238712907133,AD,55-70,All,Blood
248,AD|55-70|All|Non Carriers,0.5793601319149793,AD,55-70,All,Blood
249,AD|55-70|All|Non Carriers,0.5252669468519375,AD,55-70,All,Blood
250,AD|55-70|All|All,0.5867663330690975,AD,55-70,All,Blood
251,AD|55-70|All|All,0.5825148219711984,AD,55-70,All,Blood
252,AD|60-70|Male|Carriers,0.612734370896868,AD,60-70,Male,Blood
253,AD|60-70|Male|Carriers,0.5750599604348664,AD,60-70,Male,Blood
254,AD|60-70|Male|Non Carriers,0.5440004251248804,AD,60-70,Male,Blood
255,AD|60-70|Male|Non Carriers,0.46327983845254544,AD,60-70,Male,Blood
256,AD|60-70|Male|All,0.6234676162131518,AD,60-70,Male,Blood
257,AD|60-70|Male|All,0.6243622448979591,AD,60-70,Male,Blood
258,AD|60-70|Female|Carriers,0.5168960316712226,AD,60-70,Female,Blood
259,AD|60-70|Female|Carriers,0.550923743990951,AD,60-70,Female,Blood
260,AD|60-70|Female|Non Carriers,0.555070311817626,AD,60-70,Female,Blood
261,AD|60-70|Female|Non Carriers,0.55917547384051,AD,60-70,Female,Blood
262,AD|60-70|Female|All,0.5628004777021303,AD,60-70,Female,Blood
263,AD|60-70|Female|All,0.607038961304086,AD,60-70,Female,Blood
264,AD|60-70|All|Carriers,0.5785178639060724,AD,60-70,All,Blood
265,AD|60-70|All|Carriers,0.5847872743340488,AD,60-70,All,Blood
266,AD|60-70|All|Non Carriers,0.5977388504421377,AD,60-70,All,Blood
267,AD|60-70|All|Non Carriers,0.6011630142252979,AD,60-70,All,Blood
268,AD|60-70|All|All,0.5889005486691627,AD,60-70,All,Blood
269,AD|60-70|All|All,0.5517318334951721,AD,60-70,All,Blood
270,AD|50-60|Male|Carriers,0.54,AD,50-60,Male,Blood
271,AD|50-60|Male|Carriers,0.7511111111111111,AD,50-60,Male,Blood
272,AD|50-60|Male|Non Carriers,0.4609375,AD,50-60,Male,Blood
273,AD|50-60|Male|Non Carriers,0.3671875,AD,50-60,Male,Blood
274,AD|50-60|Male|All,0.6309073724007561,AD,50-60,Male,Blood
275,AD|50-60|Male|All,0.6446124763705103,AD,50-60,Male,Blood
276,AD|50-60|Female|Carriers,0.4347826086956521,AD,50-60,Female,Blood
277,AD|50-60|Female|Carriers,0.5652173913043479,AD,50-60,Female,Blood
278,AD|50-60|Female|Non Carriers,0.45152354570637115,AD,50-60,Female,Blood
279,AD|50-60|Female|Non Carriers,0.4404432132963989,AD,50-60,Female,Blood
280,AD|50-60|Female|All,0.5615079365079365,AD,50-60,Female,Blood
281,AD|50-60|Female|All,0.4382086167800453,AD,50-60,Female,Blood
282,AD|50-60|All|Carriers,0.46707013171947315,AD,50-60,All,Blood
283,AD|50-60|All|Carriers,0.4791740833036668,AD,50-60,All,Blood
284,AD|50-60|All|Non Carriers,0.4896193771626297,AD,50-60,All,Blood
285,AD|50-60|All|Non Carriers,0.4757785467128028,AD,50-60,All,Blood
286,AD|50-60|All|All,0.5389087065662571,AD,50-60,All,Blood
287,AD|50-60|All|All,0.5866032500990883,AD,50-60,All,Blood
288,PD|50-70|Male|Carriers,0.5335931201289976,PD,50-70,Male,Blood
289,PD|50-70|Male|Carriers,0.5446788497715668,PD,50-70,Male,Blood
290,PD|50-70|Male|Non Carriers,0.5830176899063475,PD,50-70,Male,Blood
291,PD|50-70|Male|Non Carriers,0.5231217481789803,PD,50-70,Male,Blood
292,PD|50-70|Male|All,0.5376063808990083,PD,50-70,Male,Blood
293,PD|50-70|Male|All,0.5617041796452449,PD,50-70,Male,Blood
294,PD|50-70|Female|Carriers,0.5560971227061386,PD,50-70,Female,Blood
295,PD|50-70|Female|Carriers,0.5767615282675591,PD,50-70,Female,Blood
296,PD|50-70|Female|Non Carriers,0.5753479430988082,PD,50-70,Female,Blood
297,PD|50-70|Female|Non Carriers,0.6025990003844675,PD,50-70,Female,Blood
298,PD|50-70|Female|All,0.5898939011586141,PD,50-70,Female,Blood
299,PD|50-70|Female|All,0.5821690397686455,PD,50-70,Female,Blood
300,PD|50-70|All|Carriers,0.5724327931535138,PD,50-70,All,Blood
301,PD|50-70|All|Carriers,0.5899999098197296,PD,50-70,All,Blood
302,PD|50-70|All|Non Carriers,0.5440273646638906,PD,50-70,All,Blood
303,PD|50-70|All|Non Carriers,0.507932778108269,PD,50-70,All,Blood
304,PD|50-70|All|All,0.5724156732463965,PD,50-70,All,Blood
305,PD|50-70|All|All,0.5598243996456835,PD,50-70,All,Blood
306,PD|55-70|Male|Carriers,0.5764343043995244,PD,55-70,Male,Blood
307,PD|55-70|Male|Carriers,0.5739447086801427,PD,55-70,Male,Blood
308,PD|55-70|Male|Non Carriers,0.5666088385682979,PD,55-70,Male,Blood
309,PD|55-70|Male|Non Carriers,0.5259313367421474,PD,55-70,Male,Blood
310,PD|55-70|Male|All,0.563489424453151,PD,55-70,Male,Blood
311,PD|55-70|Male|All,0.5793491303907821,PD,55-70,Male,Blood
312,PD|55-70|Female|Carriers,0.5527833469468578,PD,55-70,Female,Blood
313,PD|55-70|Female|Carriers,0.5631172495730303,PD,55-70,Female,Blood
314,PD|55-70|Female|Non Carriers,0.6118524130094178,PD,55-70,Female,Blood
315,PD|55-70|Female|Non Carriers,0.5641862226890033,PD,55-70,Female,Blood
316,PD|55-70|Female|All,0.5482151266354087,PD,55-70,Female,Blood
317,PD|55-70|Female|All,0.5511506725906513,PD,55-70,Female,Blood
318,PD|55-70|All|Carriers,0.5474983976926774,PD,55-70,All,Blood
319,PD|55-70|All|Carriers,0.5939653100464669,PD,55-70,All,Blood
320,PD|55-70|All|Non Carriers,0.5756339173016303,PD,55-70,All,Blood
321,PD|55-70|All|Non Carriers,0.5380680804382736,PD,55-70,All,Blood
322,PD|55-70|All|All,0.5746220009053871,PD,55-70,All,Blood
323,PD|55-70|All|All,0.5784125547004678,PD,55-70,All,Blood
324,PD|60-70|Male|Carriers,0.5914,PD,60-70,Male,Blood
325,PD|60-70|Male|Carriers,0.51545,PD,60-70,Male,Blood
326,PD|60-70|Male|Non Carriers,0.554496,PD,60-70,Male,Blood
327,PD|60-70|Male|Non Carriers,0.5134080000000001,PD,60-70,Male,Blood
328,PD|60-70|Male|All,0.5310706313775511,PD,60-70,Male,Blood
329,PD|60-70|Male|All,0.5131736288265306,PD,60-70,Male,Blood
330,PD|60-70|Female|Carriers,0.5711518595041323,PD,60-70,Female,Blood
331,PD|60-70|Female|Carriers,0.5614508006198347,PD,60-70,Female,Blood
332,PD|60-70|Female|Non Carriers,0.583207653878782,PD,60-70,Female,Blood
333,PD|60-70|Female|Non Carriers,0.5944952398906589,PD,60-70,Female,Blood
334,PD|60-70|Female|All,0.5733087086428552,PD,60-70,Female,Blood
335,PD|60-70|Female|All,0.5486074943121076,PD,60-70,Female,Blood
336,PD|60-70|All|Carriers,0.5699695442134005,PD,60-70,All,Blood
337,PD|60-70|All|Carriers,0.5702714765805503,PD,60-70,All,Blood
338,PD|60-70|All|Non Carriers,0.591401137265998,PD,60-70,All,Blood
339,PD|60-70|All|Non Carriers,0.5913509369209847,PD,60-70,All,Blood
340,PD|60-70|All|All,0.5647498025506923,PD,60-70,All,Blood
341,PD|60-70|All|All,0.5861964613827151,PD,60-70,All,Blood
342,PD|50-60|Male|Carriers,0.451530612244898,PD,50-60,Male,Blood
343,PD|50-60|Male|Carriers,0.5229591836734694,PD,50-60,Male,Blood
344,PD|50-60|Male|Non Carriers,0.559500328731098,PD,50-60,Male,Blood
345,PD|50-60|Male|Non Carriers,0.5154503616042078,PD,50-60,Male,Blood
346,PD|50-60|Male|All,0.5023390510135888,PD,50-60,Male,Blood
347,PD|50-60|Male|All,0.5491200712853643,PD,50-60,Male,Blood
348,PD|50-60|Female|Carriers,0.5314272211720227,PD,50-60,Female,Blood
349,PD|50-60|Female|Carriers,0.6238185255198487,PD,50-60,Female,Blood
350,PD|50-60|Female|Non Carriers,0.5379201378914105,PD,50-60,Female,Blood
351,PD|50-60|Female|Non Carriers,0.6511060040218328,PD,50-60,Female,Blood
352,PD|50-60|Female|All,0.552108843537415,PD,50-60,Female,Blood
353,PD|50-60|Female|All,0.5746938775510205,PD,50-60,Female,Blood
354,PD|50-60|All|Carriers,0.5973338203067933,PD,50-60,All,Blood
355,PD|50-60|All|Carriers,0.508400292184076,PD,50-60,All,Blood
356,PD|50-60|All|Non Carriers,0.4484589754269055,PD,50-60,All,Blood
357,PD|50-60|All|Non Carriers,0.5671595168679716,PD,50-60,All,Blood
358,PD|50-60|All|All,0.5908937263385614,PD,50-60,All,Blood
359,PD|50-60|All|All,0.5780489453758788,PD,50-60,All,Blood
0,MND|50-70|Male|Carriers,0.5502958579881657,MND,50-70,Male,Modifiable
1,MND|50-70|Male|Carriers,0.47337278106508884,MND,50-70,Male,Modifiable
2,MND|50-70|Male|Non Carriers,0.4453125,MND,50-70,Male,Modifiable
3,MND|50-70|Male|Non Carriers,0.5068359375,MND,50-70,Male,Modifiable
4,MND|50-70|Male|All,0.48929845422116525,MND,50-70,Male,Modifiable
5,MND|50-70|Male|All,0.5558858501783591,MND,50-70,Male,Modifiable
6,MND|50-70|Female|Carriers,0.5277777777777778,MND,50-70,Female,Modifiable
7,MND|50-70|Female|Carriers,0.5954861111111112,MND,50-70,Female,Modifiable
8,MND|50-70|Female|Non Carriers,0.5540123456790123,MND,50-70,Female,Modifiable
9,MND|50-70|Female|Non Carriers,0.5277777777777778,MND,50-70,Female,Modifiable
10,MND|50-70|Female|All,0.4894444444444444,MND,50-70,Female,Modifiable
11,MND|50-70|Female|All,0.4922222222222222,MND,50-70,Female,Modifiable
12,MND|50-70|All|Carriers,0.5936,MND,50-70,All,Modifiable
13,MND|50-70|All|Carriers,0.48119999999999996,MND,50-70,All,Modifiable
14,MND|50-70|All|Non Carriers,0.46124763705103966,MND,50-70,All,Modifiable
15,MND|50-70|All|Non Carriers,0.4929636630959882,MND,50-70,All,Modifiable
16,MND|50-70|All|All,0.5060327492099972,MND,50-70,All,Modifiable
17,MND|50-70|All|All,0.5253519103705832,MND,50-70,All,Modifiable
18,MND|55-70|Male|Carriers,0.4933837429111531,MND,55-70,Male,Modifiable
19,MND|55-70|Male|Carriers,0.4914933837429111,MND,55-70,Male,Modifiable
20,MND|55-70|Male|Non Carriers,0.510204081632653,MND,55-70,Male,Modifiable
21,MND|55-70|Male|Non Carriers,0.5063775510204082,MND,55-70,Male,Modifiable
22,MND|55-70|Male|All,0.43528106508875747,MND,55-70,Male,Modifiable
23,MND|55-70|Male|All,0.5462278106508875,MND,55-70,Male,Modifiable
24,MND|55-70|Female|Carriers,0.5147392290249433,MND,55-70,Female,Modifiable
25,MND|55-70|Female|Carriers,0.5351473922902494,MND,55-70,Female,Modifiable
26,MND|55-70|Female|Non Carriers,0.4794921875,MND,55-70,Female,Modifiable
27,MND|55-70|Female|Non Carriers,0.4267578125,MND,55-70,Female,Modifiable
28,MND|55-70|Female|All,0.5614097543609826,MND,55-70,Female,Modifiable
29,MND|55-70|Female|All,0.5603417586329655,MND,55-70,Female,Modifiable
30,MND|55-70|All|Carriers,0.5640495867768596,MND,55-70,All,Modifiable
31,MND|55-70|All|Carriers,0.5103305785123968,MND,55-70,All,Modifiable
32,MND|55-70|All|Non Carriers,0.44472222222222224,MND,55-70,All,Modifiable
33,MND|55-70|All|Non Carriers,0.5341666666666667,MND,55-70,All,Modifiable
34,MND|55-70|All|All,0.474944526627219,MND,55-70,All,Modifiable
35,MND|55-70|All|All,0.5248705621301776,MND,55-70,All,Modifiable
36,MND|60-70|Male|Carriers,0.5041551246537397,MND,60-70,Male,Modifiable
37,MND|60-70|Male|Carriers,0.47091412742382266,MND,60-70,Male,Modifiable
38,MND|60-70|Male|Non Carriers,0.5274102079395085,MND,60-70,Male,Modifiable
39,MND|60-70|Male|Non Carriers,0.5897920604914934,MND,60-70,Male,Modifiable
40,MND|60-70|Male|All,0.5748299319727891,MND,60-70,Male,Modifiable
41,MND|60-70|Male|All,0.5566893424036281,MND,60-70,Male,Modifiable
42,MND|60-70|Female|Carriers,0.6124567474048443,MND,60-70,Female,Modifiable
43,MND|60-70|Female|Carriers,0.4429065743944637,MND,60-70,Female,Modifiable
44,MND|60-70|Female|Non Carriers,0.363905325443787,MND,60-70,Female,Modifiable
45,MND|60-70|Female|Non Carriers,0.5710059171597633,MND,60-70,Female,Modifiable
46,MND|60-70|Female|All,0.4364521362898864,MND,60-70,Female,Modifiable
47,MND|60-70|Female|All,0.5613845321795565,MND,60-70,Female,Modifiable
48,MND|60-70|All|Carriers,0.4637345679012346,MND,60-70,All,Modifiable
49,MND|60-70|All|Carriers,0.5177469135802468,MND,60-70,All,Modifiable
50,MND|60-70|All|Non Carriers,0.4698042482299042,MND,60-70,All,Modifiable
51,MND|60-70|All|Non Carriers,0.5610162432319867,MND,60-70,All,Modifiable
52,MND|60-70|All|All,0.4988235294117647,MND,60-70,All,Modifiable
53,MND|60-70|All|All,0.4602076124567474,MND,60-70,All,Modifiable
54,MND|50-60|Male|Carriers,0.38888888888888895,MND,50-60,Male,Modifiable
55,MND|50-60|Male|Carriers,0.6111111111111112,MND,50-60,Male,Modifiable
56,MND|50-60|Male|Non Carriers,0.57,MND,50-60,Male,Modifiable
57,MND|50-60|Male|Non Carriers,0.49000000000000005,MND,50-60,Male,Modifiable
58,MND|50-60|Male|All,0.47750000000000004,MND,50-60,Male,Modifiable
59,MND|50-60|Male|All,0.41,MND,50-60,Male,Modifiable
60,MND|50-60|Female|Carriers,0.5555555555555556,MND,50-60,Female,Modifiable
61,MND|50-60|Female|Carriers,0.5555555555555555,MND,50-60,Female,Modifiable
62,MND|50-60|Female|Non Carriers,0.7692307692307693,MND,50-60,Female,Modifiable
63,MND|50-60|Female|Non Carriers,0.485207100591716,MND,50-60,Female,Modifiable
64,MND|50-60|Female|All,0.5328798185941044,MND,50-60,Female,Modifiable
65,MND|50-60|Female|All,0.4988662131519274,MND,50-60,Female,Modifiable
66,MND|50-60|All|Carriers,0.37037037037037035,MND,50-60,All,Modifiable
67,MND|50-60|All|Carriers,0.462962962962963,MND,50-60,All,Modifiable
68,MND|50-60|All|Non Carriers,0.44612476370510395,MND,50-60,All,Modifiable
69,MND|50-60|All|Non Carriers,0.5274102079395084,MND,50-60,All,Modifiable
70,MND|50-60|All|All,0.47114812611540746,MND,50-60,All,Modifiable
71,MND|50-60|All|All,0.5657346817370613,MND,50-60,All,Modifiable
72,FTD|50-70|Male|Carriers,0.6611570247933884,FTD,50-70,Male,Modifiable
73,FTD|50-70|Male|Carriers,0.5454545454545454,FTD,50-70,Male,Modifiable
74,FTD|50-70|Male|Non Carriers,0.413265306122449,FTD,50-70,Male,Modifiable
75,FTD|50-70|Male|Non Carriers,0.6479591836734694,FTD,50-70,Male,Modifiable
76,FTD|50-70|Male|All,0.4304733727810651,FTD,50-70,Male,Modifiable
77,FTD|50-70|Male|All,0.6538461538461539,FTD,50-70,Male,Modifiable
78,FTD|50-70|Female|Carriers,0.6089965397923875,FTD,50-70,Female,Modifiable
79,FTD|50-70|Female|Carriers,0.47058823529411764,FTD,50-70,Female,Modifiable
80,FTD|50-70|Female|Non Carriers,0.4755555555555556,FTD,50-70,Female,Modifiable
81,FTD|50-70|Female|Non Carriers,0.4933333333333333,FTD,50-70,Female,Modifiable
82,FTD|50-70|Female|All,0.6552734375,FTD,50-70,Female,Modifiable
83,FTD|50-70|Female|All,0.5673828125,FTD,50-70,Female,Modifiable
84,FTD|50-70|All|Carriers,0.5739795918367346,FTD,50-70,All,Modifiable
85,FTD|50-70|All|Carriers,0.5089285714285714,FTD,50-70,All,Modifiable
86,FTD|50-70|All|Non Carriers,0.6563614744351962,FTD,50-70,All,Modifiable
87,FTD|50-70|All|Non Carriers,0.6848989298454221,FTD,50-70,All,Modifiable
88,FTD|50-70|All|All,0.6214219759926131,FTD,50-70,All,Modifiable
89,FTD|50-70|All|All,0.6666666666666666,FTD,50-70,All,Modifiable
90,FTD|55-70|Male|Carriers,0.485,FTD,55-70,Male,Modifiable
91,FTD|55-70|Male|Carriers,0.675,FTD,55-70,Male,Modifiable
92,FTD|55-70|Male|Non Carriers,0.5562130177514792,FTD,55-70,Male,Modifiable
93,FTD|55-70|Male|Non Carriers,0.5857988165680473,FTD,55-70,Male,Modifiable
94,FTD|55-70|Male|All,0.6475694444444444,FTD,55-70,Male,Modifiable
95,FTD|55-70|Male|All,0.4409722222222222,FTD,55-70,Male,Modifiable
96,FTD|55-70|Female|Carriers,0.47265625,FTD,55-70,Female,Modifiable
97,FTD|55-70|Female|Carriers,0.57421875,FTD,55-70,Female,Modifiable
98,FTD|55-70|Female|Non Carriers,0.45918367346938777,FTD,55-70,Female,Modifiable
99,FTD|55-70|Female|Non Carriers,0.576530612244898,FTD,55-70,Female,Modifiable
100,FTD|55-70|Female|All,0.5366666666666667,FTD,55-70,Female,Modifiable
101,FTD|55-70|Female|All,0.7433333333333333,FTD,55-70,Female,Modifiable
102,FTD|55-70|All|Carriers,0.5088757396449703,FTD,55-70,All,Modifiable
103,FTD|55-70|All|Carriers,0.5162721893491125,FTD,55-70,All,Modifiable
104,FTD|55-70|All|Non Carriers,0.5651577503429356,FTD,55-70,All,Modifiable
105,FTD|55-70|All|Non Carriers,0.6172839506172839,FTD,55-70,All,Modifiable
106,FTD|55-70|All|All,0.6190815236739053,FTD,55-70,All,Modifiable
107,FTD|55-70|All|All,0.6183695265218939,FTD,55-70,All,Modifiable
108,FTD|60-70|Male|Carriers,0.3333333333333333,FTD,60-70,Male,Modifiable
109,FTD|60-70|Male|Carriers,0.38888888888888884,FTD,60-70,Male,Modifiable
110,FTD|60-70|Male|Non Carriers,0.4444444444444444,FTD,60-70,Male,Modifiable
111,FTD|60-70|Male|Non Carriers,0.4444444444444444,FTD,60-70,Male,Modifiable
112,FTD|60-70|Male|All,0.5916955017301039,FTD,60-70,Male,Modifiable
113,FTD|60-70|Male|All,0.5813148788927336,FTD,60-70,Male,Modifiable
114,FTD|60-70|Female|Carriers,0.596938775510204,FTD,60-70,Female,Modifiable
115,FTD|60-70|Female|Carriers,0.5357142857142857,FTD,60-70,Female,Modifiable
116,FTD|60-70|Female|Non Carriers,0.6115702479338843,FTD,60-70,Female,Modifiable
117,FTD|60-70|Female|Non Carriers,0.4545454545454546,FTD,60-70,Female,Modifiable
118,FTD|60-70|Female|All,0.5536,FTD,60-70,Female,Modifiable
119,FTD|60-70|Female|All,0.6607999999999999,FTD,60-70,Female,Modifiable
120,FTD|60-70|All|Carriers,0.5268595041322314,FTD,60-70,All,Modifiable
121,FTD|60-70|All|Carriers,0.609504132231405,FTD,60-70,All,Modifiable
122,FTD|60-70|All|Non Carriers,0.7200000000000001,FTD,60-70,All,Modifiable
123,FTD|60-70|All|Non Carriers,0.6699999999999999,FTD,60-70,All,Modifiable
124,FTD|60-70|All|All,0.6133044889129259,FTD,60-70,All,Modifiable
125,FTD|60-70|All|All,0.7095727420227149,FTD,60-70,All,Modifiable
126,FTD|50-60|Male|Carriers,0.5,FTD,50-60,Male,Modifiable
127,FTD|50-60|Male|Carriers,0.5,FTD,50-60,Male,Modifiable
128,FTD|50-60|Male|Non Carriers,0.5,FTD,50-60,Male,Modifiable
129,FTD|50-60|Male|Non Carriers,0.5,FTD,50-60,Male,Modifiable
130,FTD|50-60|Male|All,0.365,FTD,50-60,Male,Modifiable
131,FTD|50-60|Male|All,0.4,FTD,50-60,Male,Modifiable
132,FTD|50-60|Female|Carriers,0.5,FTD,50-60,Female,Modifiable
133,FTD|50-60|Female|Carriers,0.5,FTD,50-60,Female,Modifiable
134,FTD|50-60|Female|Non Carriers,0.5,FTD,50-60,Female,Modifiable
135,FTD|50-60|Female|Non Carriers,0.5,FTD,50-60,Female,Modifiable
136,FTD|50-60|Female|All,0.4375,FTD,50-60,Female,Modifiable
137,FTD|50-60|Female|All,0.625,FTD,50-60,Female,Modifiable
138,FTD|50-60|All|Carriers,0.5,FTD,50-60,All,Modifiable
139,FTD|50-60|All|Carriers,0.5,FTD,50-60,All,Modifiable
140,FTD|50-60|All|Non Carriers,0.3801652892561983,FTD,50-60,All,Modifiable
141,FTD|50-60|All|Non Carriers,0.5,FTD,50-60,All,Modifiable
142,FTD|50-60|All|All,0.38580246913580246,FTD,50-60,All,Modifiable
143,FTD|50-60|All|All,0.49691358024691357,FTD,50-60,All,Modifiable
144,VD|50-70|Male|Carriers,0.676905456059975,VD,50-70,Male,Modifiable
145,VD|50-70|Male|Carriers,0.6257809246147438,VD,50-70,Male,Modifiable
146,VD|50-70|Male|Non Carriers,0.668834547346514,VD,50-70,Male,Modifiable
147,VD|50-70|Male|Non Carriers,0.61420395421436,VD,50-70,Male,Modifiable
148,VD|50-70|Male|All,0.6919921875000001,VD,50-70,Male,Modifiable
149,VD|50-70|Male|All,0.6613281249999999,VD,50-70,Male,Modifiable
150,VD|50-70|Female|Carriers,0.6361111111111112,VD,50-70,Female,Modifiable
151,VD|50-70|Female|Carriers,0.6525000000000001,VD,50-70,Female,Modifiable
152,VD|50-70|Female|Non Carriers,0.6607503454139654,VD,50-70,Female,Modifiable
153,VD|50-70|Female|Non Carriers,0.6962482729301733,VD,50-70,Female,Modifiable
154,VD|50-70|Female|All,0.6914141306886958,VD,50-70,Female,Modifiable
155,VD|50-70|Female|All,0.6695194206714945,VD,50-70,Female,Modifiable
156,VD|50-70|All|Carriers,0.658004376735965,VD,50-70,All,Modifiable
157,VD|50-70|All|Carriers,0.6820764245433887,VD,50-70,All,Modifiable
158,VD|50-70|All|Non Carriers,0.6381472251888771,VD,50-70,All,Modifiable
159,VD|50-70|All|Non Carriers,0.6868399193069894,VD,50-70,All,Modifiable
160,VD|50-70|All|All,0.6941792315431755,VD,50-70,All,Modifiable
161,VD|50-70|All|All,0.7096933067846816,VD,50-70,All,Modifiable
162,VD|55-70|Male|Carriers,0.6494140625000001,VD,55-70,Male,Modifiable
163,VD|55-70|Male|Carriers,0.6850043402777778,VD,55-70,Male,Modifiable
164,VD|55-70|Male|Non Carriers,0.6699999999999999,VD,55-70,Male,Modifiable
165,VD|55-70|Male|Non Carriers,0.6458333333333333,VD,55-70,Male,Modifiable
166,VD|55-70|Male|All,0.6727892833662064,VD,55-70,Male,Modifiable
167,VD|55-70|Male|All,0.6420529257067719,VD,55-70,Male,Modifiable
168,VD|55-70|Female|Carriers,0.6322177535191037,VD,55-70,Female,Modifiable
169,VD|55-70|Female|Carriers,0.624964090778512,VD,55-70,Female,Modifiable
170,VD|55-70|Female|Non Carriers,0.6526315789473683,VD,55-70,Female,Modifiable
171,VD|55-70|Female|Non Carriers,0.7385041551246538,VD,55-70,Female,Modifiable
172,VD|55-70|Female|All,0.6562833748665006,VD,55-70,Female,Modifiable
173,VD|55-70|Female|All,0.6425329298682805,VD,55-70,Female,Modifiable
174,VD|55-70|All|Carriers,0.6356668704690365,VD,55-70,All,Modifiable
175,VD|55-70|All|Carriers,0.6137653943575858,VD,55-70,All,Modifiable
176,VD|55-70|All|Non Carriers,0.692486992715921,VD,55-70,All,Modifiable
177,VD|55-70|All|Non Carriers,0.718834547346514,VD,55-70,All,Modifiable
178,VD|55-70|All|All,0.6878768516682456,VD,55-70,All,Modifiable
179,VD|55-70|All|All,0.6886773745786239,VD,55-70,All,Modifiable
180,VD|60-70|Male|Carriers,0.6330340264650284,VD,60-70,Male,Modifiable
181,VD|60-70|Male|Carriers,0.6590264650283554,VD,60-70,Male,Modifiable
182,VD|60-70|Male|Non Carriers,0.5857780612244897,VD,60-70,Male,Modifiable
183,VD|60-70|Male|Non Carriers,0.6705994897959184,VD,60-70,Male,Modifiable
184,VD|60-70|Male|All,0.6714298758217677,VD,60-70,Male,Modifiable
185,VD|60-70|Male|All,0.6175584368151936,VD,60-70,Male,Modifiable
186,VD|60-70|Female|Carriers,0.6664422186684622,VD,60-70,Female,Modifiable
187,VD|60-70|Female|Carriers,0.6061779311505765,VD,60-70,Female,Modifiable
188,VD|60-70|Female|Non Carriers,0.6697053771964593,VD,60-70,Female,Modifiable
189,VD|60-70|Female|Non Carriers,0.6546439423966178,VD,60-70,Female,Modifiable
190,VD|60-70|Female|All,0.6632653061224489,VD,60-70,Female,Modifiable
191,VD|60-70|Female|All,0.6647750937109538,VD,60-70,Female,Modifiable
192,VD|60-70|All|Carriers,0.6319893071953665,VD,60-70,All,Modifiable
193,VD|60-70|All|Carriers,0.6600826712210095,VD,60-70,All,Modifiable
194,VD|60-70|All|Non Carriers,0.6893246613526334,VD,60-70,All,Modifiable
195,VD|60-70|All|Non Carriers,0.648491368771089,VD,60-70,All,Modifiable
196,VD|60-70|All|All,0.6709369929691726,VD,60-70,All,Modifiable
197,VD|60-70|All|All,0.6818128042184965,VD,60-70,All,Modifiable
198,VD|50-60|Male|Carriers,0.5,VD,50-60,Male,Modifiable
199,VD|50-60|Male|Carriers,0.5,VD,50-60,Male,Modifiable
200,VD|50-60|Male|Non Carriers,0.5,VD,50-60,Male,Modifiable
201,VD|50-60|Male|Non Carriers,0.5,VD,50-60,Male,Modifiable
202,VD|50-60|Male|All,0.69140625,VD,50-60,Male,Modifiable
203,VD|50-60|Male|All,0.837890625,VD,50-60,Male,Modifiable
204,VD|50-60|Female|Carriers,0.5511111111111111,VD,50-60,Female,Modifiable
205,VD|50-60|Female|Carriers,0.64,VD,50-60,Female,Modifiable
206,VD|50-60|Female|Non Carriers,0.7448979591836734,VD,50-60,Female,Modifiable
207,VD|50-60|Female|Non Carriers,0.7959183673469388,VD,50-60,Female,Modifiable
208,VD|50-60|Female|All,0.7146254458977408,VD,50-60,Female,Modifiable
209,VD|50-60|Female|All,0.7063020214030915,VD,50-60,Female,Modifiable
210,VD|50-60|All|Carriers,0.7051039697542533,VD,50-60,All,Modifiable
211,VD|50-60|All|Carriers,0.4310018903591682,VD,50-60,All,Modifiable
212,VD|50-60|All|Non Carriers,0.8037190082644627,VD,50-60,All,Modifiable
213,VD|50-60|All|Non Carriers,0.7541322314049586,VD,50-60,All,Modifiable
214,VD|50-60|All|All,0.6553086419753086,VD,50-60,All,Modifiable
215,VD|50-60|All|All,0.714074074074074,VD,50-60,All,Modifiable
216,AD|50-70|Male|Carriers,0.6467168714493329,AD,50-70,Male,Modifiable
217,AD|50-70|Male|Carriers,0.628954360623009,AD,50-70,Male,Modifiable
218,AD|50-70|Male|Non Carriers,0.6097129871222962,AD,50-70,Male,Modifiable
219,AD|50-70|Male|Non Carriers,0.60457873916337,AD,50-70,Male,Modifiable
220,AD|50-70|Male|All,0.6413148283418554,AD,50-70,Male,Modifiable
221,AD|50-70|Male|All,0.639444850255661,AD,50-70,Male,Modifiable
222,AD|50-70|Female|Carriers,0.6167302600029191,AD,50-70,Female,Modifiable
223,AD|50-70|Female|Carriers,0.5844748858447488,AD,50-70,Female,Modifiable
224,AD|50-70|Female|Non Carriers,0.6828085513284611,AD,50-70,Female,Modifiable
225,AD|50-70|Female|Non Carriers,0.6463356328119665,AD,50-70,Female,Modifiable
226,AD|50-70|Female|All,0.6240570934256056,AD,50-70,Female,Modifiable
227,AD|50-70|Female|All,0.5948356401384083,AD,50-70,Female,Modifiable
228,AD|50-70|All|Carriers,0.6299869791666667,AD,50-70,All,Modifiable
229,AD|50-70|All|Carriers,0.6039539930555555,AD,50-70,All,Modifiable
230,AD|50-70|All|Non Carriers,0.6115500945179584,AD,50-70,All,Modifiable
231,AD|50-70|All|Non Carriers,0.6332703213610587,AD,50-70,All,Modifiable
232,AD|50-70|All|All,0.6433802816901408,AD,50-70,All,Modifiable
233,AD|50-70|All|All,0.6296092045229121,AD,50-70,All,Modifiable
234,AD|55-70|Male|Carriers,0.5976926221441656,AD,55-70,Male,Modifiable
235,AD|55-70|Male|Carriers,0.5754364184166301,AD,55-70,Male,Modifiable
236,AD|55-70|Male|Non Carriers,0.6457142857142856,AD,55-70,Male,Modifiable
237,AD|55-70|Male|Non Carriers,0.6280272108843536,AD,55-70,Male,Modifiable
238,AD|55-70|Male|All,0.6624645157351728,AD,55-70,Male,Modifiable
239,AD|55-70|Male|All,0.6425322792344557,AD,55-70,Male,Modifiable
240,AD|55-70|Female|Carriers,0.6110039437585734,AD,55-70,Female,Modifiable
241,AD|55-70|Female|Carriers,0.5842121056241426,AD,55-70,Female,Modifiable
242,AD|55-70|Female|Non Carriers,0.6216604424016088,AD,55-70,Female,Modifiable
243,AD|55-70|Female|Non Carriers,0.6406923297902901,AD,55-70,Female,Modifiable
244,AD|55-70|Female|All,0.6060902147800208,AD,55-70,Female,Modifiable
245,AD|55-70|Female|All,0.617313277636344,AD,55-70,Female,Modifiable
246,AD|55-70|All|Carriers,0.6251581153985402,AD,55-70,All,Modifiable
247,AD|55-70|All|Carriers,0.5835005743555819,AD,55-70,All,Modifiable
248,AD|55-70|All|Non Carriers,0.6102475416758834,AD,55-70,All,Modifiable
249,AD|55-70|All|Non Carriers,0.5699893422349132,AD,55-70,All,Modifiable
250,AD|55-70|All|All,0.6054713304267406,AD,55-70,All,Modifiable
251,AD|55-70|All|All,0.6219963832738803,AD,55-70,All,Modifiable
252,AD|60-70|Male|Carriers,0.5855814849179811,AD,60-70,Male,Modifiable
253,AD|60-70|Male|Carriers,0.6222054936013025,AD,60-70,Male,Modifiable
254,AD|60-70|Male|Non Carriers,0.5732809012647466,AD,60-70,Male,Modifiable
255,AD|60-70|Male|Non Carriers,0.580189180571793,AD,60-70,Male,Modifiable
256,AD|60-70|Male|All,0.6009158871882087,AD,60-70,Male,Modifiable
257,AD|60-70|Male|All,0.6211380385487528,AD,60-70,Male,Modifiable
258,AD|60-70|Female|Carriers,0.6012583655386936,AD,60-70,Female,Modifiable
259,AD|60-70|Female|Carriers,0.5990668300499575,AD,60-70,Female,Modifiable
260,AD|60-70|Female|Non Carriers,0.5888723906017993,AD,60-70,Female,Modifiable
261,AD|60-70|Female|Non Carriers,0.5773429993885929,AD,60-70,Female,Modifiable
262,AD|60-70|Female|All,0.6075289122069226,AD,60-70,Female,Modifiable
263,AD|60-70|Female|All,0.6283722401984301,AD,60-70,Female,Modifiable
264,AD|60-70|All|Carriers,0.6344956444893322,AD,60-70,All,Modifiable
265,AD|60-70|All|Carriers,0.5964802423936372,AD,60-70,All,Modifiable
266,AD|60-70|All|Non Carriers,0.6251441753171858,AD,60-70,All,Modifiable
267,AD|60-70|All|Non Carriers,0.5989763552479815,AD,60-70,All,Modifiable
268,AD|60-70|All|All,0.6366319168283077,AD,60-70,All,Modifiable
269,AD|60-70|All|All,0.6235075415300534,AD,60-70,All,Modifiable
270,AD|50-60|Male|Carriers,0.6744444444444445,AD,50-60,Male,Modifiable
271,AD|50-60|Male|Carriers,0.7666666666666667,AD,50-60,Male,Modifiable
272,AD|50-60|Male|Non Carriers,0.58984375,AD,50-60,Male,Modifiable
273,AD|50-60|Male|Non Carriers,0.40234375,AD,50-60,Male,Modifiable
274,AD|50-60|Male|All,0.6696597353497165,AD,50-60,Male,Modifiable
275,AD|50-60|Male|All,0.753780718336484,AD,50-60,Male,Modifiable
276,AD|50-60|Female|Carriers,0.5141776937618148,AD,50-60,Female,Modifiable
277,AD|50-60|Female|Carriers,0.4820415879017014,AD,50-60,Female,Modifiable
278,AD|50-60|Female|Non Carriers,0.6038781163434903,AD,50-60,Female,Modifiable
279,AD|50-60|Female|Non Carriers,0.6066481994459834,AD,50-60,Female,Modifiable
280,AD|50-60|Female|All,0.5827664399092971,AD,50-60,Female,Modifiable
281,AD|50-60|Female|All,0.5470521541950113,AD,50-60,Female,Modifiable
282,AD|50-60|All|Carriers,0.5973656105375579,AD,50-60,All,Modifiable
283,AD|50-60|All|Carriers,0.6532573869704521,AD,50-60,All,Modifiable
284,AD|50-60|All|Non Carriers,0.7534602076124568,AD,50-60,All,Modifiable
285,AD|50-60|All|Non Carriers,0.6868512110726644,AD,50-60,All,Modifiable
286,AD|50-60|All|All,0.6296736689126701,AD,50-60,All,Modifiable
287,AD|50-60|All|All,0.5881886642885454,AD,50-60,All,Modifiable
288,PD|50-70|Male|Carriers,0.5496506315506584,PD,50-70,Male,Modifiable
289,PD|50-70|Male|Carriers,0.5403789303950551,PD,50-70,Male,Modifiable
290,PD|50-70|Male|Non Carriers,0.5853069719042664,PD,50-70,Male,Modifiable
291,PD|50-70|Male|Non Carriers,0.5573361082206035,PD,50-70,Male,Modifiable
292,PD|50-70|Male|All,0.5948598313545075,PD,50-70,Male,Modifiable
293,PD|50-70|Male|All,0.5523987019249568,PD,50-70,Male,Modifiable
294,PD|50-70|Female|Carriers,0.5576244918128523,PD,50-70,Female,Modifiable
295,PD|50-70|Female|Carriers,0.5495608813818198,PD,50-70,Female,Modifiable
296,PD|50-70|Female|Non Carriers,0.5735640138408304,PD,50-70,Female,Modifiable
297,PD|50-70|Female|Non Carriers,0.5264282968089196,PD,50-70,Female,Modifiable
298,PD|50-70|Female|All,0.5790952126581812,PD,50-70,Female,Modifiable
299,PD|50-70|Female|All,0.5675320967415131,PD,50-70,Female,Modifiable
300,PD|50-70|All|Carriers,0.5624904183462742,PD,50-70,All,Modifiable
301,PD|50-70|All|Carriers,0.5506226947668389,PD,50-70,All,Modifiable
302,PD|50-70|All|Non Carriers,0.59738251041047,PD,50-70,All,Modifiable
303,PD|50-70|All|Non Carriers,0.5698572278405711,PD,50-70,All,Modifiable
304,PD|50-70|All|All,0.5870429979947434,PD,50-70,All,Modifiable
305,PD|50-70|All|All,0.588221335424935,PD,50-70,All,Modifiable
306,PD|55-70|Male|Carriers,0.612217598097503,PD,55-70,Male,Modifiable
307,PD|55-70|Male|Carriers,0.5262336504161712,PD,55-70,Male,Modifiable
308,PD|55-70|Male|Non Carriers,0.5703524470416361,PD,55-70,Male,Modifiable
309,PD|55-70|Male|Non Carriers,0.5327337472607743,PD,55-70,Male,Modifiable
310,PD|55-70|Male|All,0.5738553398198615,PD,55-70,Male,Modifiable
311,PD|55-70|Male|All,0.6207115904523703,PD,55-70,Male,Modifiable
312,PD|55-70|Female|Carriers,0.5524863245959258,PD,55-70,Female,Modifiable
313,PD|55-70|Female|Carriers,0.5755798123808816,PD,55-70,Female,Modifiable
314,PD|55-70|Female|Non Carriers,0.571684371825554,PD,55-70,Female,Modifiable
315,PD|55-70|Female|Non Carriers,0.5933265611817978,PD,55-70,Female,Modifiable
316,PD|55-70|Female|All,0.5848876968121046,PD,55-70,Female,Modifiable
317,PD|55-70|Female|All,0.5454280215392806,PD,55-70,Female,Modifiable
318,PD|55-70|All|Carriers,0.5921927575709021,PD,55-70,All,Modifiable
319,PD|55-70|All|Carriers,0.5994932703092453,PD,55-70,All,Modifiable
320,PD|55-70|All|Non Carriers,0.5761725074510478,PD,55-70,All,Modifiable
321,PD|55-70|All|Non Carriers,0.5898784702718063,PD,55-70,All,Modifiable
322,PD|55-70|All|All,0.5886283386147578,PD,55-70,All,Modifiable
323,PD|55-70|All|All,0.5882641718223429,PD,55-70,All,Modifiable
324,PD|60-70|Male|Carriers,0.5775000000000001,PD,60-70,Male,Modifiable
325,PD|60-70|Male|Carriers,0.583,PD,60-70,Male,Modifiable
326,PD|60-70|Male|Non Carriers,0.45664,PD,60-70,Male,Modifiable
327,PD|60-70|Male|Non Carriers,0.51584,PD,60-70,Male,Modifiable
328,PD|60-70|Male|All,0.5741390306122449,PD,60-70,Male,Modifiable
329,PD|60-70|Male|All,0.567482461734694,PD,60-70,Male,Modifiable
330,PD|60-70|Female|Carriers,0.6402698863636362,PD,60-70,Female,Modifiable
331,PD|60-70|Female|Carriers,0.5486182851239669,PD,60-70,Female,Modifiable
332,PD|60-70|Female|Non Carriers,0.5271703270807804,PD,60-70,Female,Modifiable
333,PD|60-70|Female|Non Carriers,0.5513950419455179,PD,60-70,Female,Modifiable
334,PD|60-70|Female|All,0.5903004303610098,PD,60-70,Female,Modifiable
335,PD|60-70|Female|All,0.5912289959156821,PD,60-70,Female,Modifiable
336,PD|60-70|All|Carriers,0.5971040747742071,PD,60-70,All,Modifiable
337,PD|60-70|All|Carriers,0.5879935937828188,PD,60-70,All,Modifiable
338,PD|60-70|All|Non Carriers,0.5541935542757004,PD,60-70,All,Modifiable
339,PD|60-70|All|Non Carriers,0.5764551254552258,PD,60-70,All,Modifiable
340,PD|60-70|All|All,0.5867976300654907,PD,60-70,All,Modifiable
341,PD|60-70|All|All,0.5973771132504091,PD,60-70,All,Modifiable
342,PD|50-60|Male|Carriers,0.5943877551020408,PD,50-60,Male,Modifiable
343,PD|50-60|Male|Carriers,0.5,PD,50-60,Male,Modifiable
344,PD|50-60|Male|Non Carriers,0.47666009204470744,PD,50-60,Male,Modifiable
345,PD|50-60|Male|Non Carriers,0.5917159763313611,PD,50-60,Male,Modifiable
346,PD|50-60|Male|All,0.6057028291378926,PD,50-60,Male,Modifiable
347,PD|50-60|Male|All,0.5892180886611718,PD,50-60,Male,Modifiable
348,PD|50-60|Female|Carriers,0.6077504725897921,PD,50-60,Female,Modifiable
349,PD|50-60|Female|Carriers,0.6493383742911153,PD,50-60,Female,Modifiable
350,PD|50-60|Female|Non Carriers,0.5288710140764148,PD,50-60,Female,Modifiable
351,PD|50-60|Female|Non Carriers,0.46854352197644356,PD,50-60,Female,Modifiable
352,PD|50-60|Female|All,0.5795918367346938,PD,50-60,Female,Modifiable
353,PD|50-60|Female|All,0.6399092970521543,PD,50-60,Female,Modifiable
354,PD|50-60|All|Carriers,0.5323228634039444,PD,50-60,All,Modifiable
355,PD|50-60|All|Carriers,0.5726807888970051,PD,50-60,All,Modifiable
356,PD|50-60|All|Non Carriers,0.5680966264056643,PD,50-60,All,Modifiable
357,PD|50-60|All|Non Carriers,0.5807996668054977,PD,50-60,All,Modifiable
358,PD|50-60|All|All,0.5882909680908599,PD,50-60,All,Modifiable
359,PD|50-60|All|All,0.5757166035694969,PD,50-60,All,Modifiable
0,MND|50-70|Male|Carriers,0.46745562130177515,MND,50-70,Male,All
1,MND|50-70|Male|Carriers,0.5251479289940828,MND,50-70,Male,All
2,MND|50-70|Male|Non Carriers,0.375,MND,50-70,Male,All
3,MND|50-70|Male|Non Carriers,0.478515625,MND,50-70,Male,All
4,MND|50-70|Male|All,0.5451843043995244,MND,50-70,Male,All
5,MND|50-70|Male|All,0.5151605231866826,MND,50-70,Male,All
6,MND|50-70|Female|Carriers,0.34375,MND,50-70,Female,All
7,MND|50-70|Female|Carriers,0.6440972222222222,MND,50-70,Female,All
8,MND|50-70|Female|Non Carriers,0.4537037037037037,MND,50-70,Female,All
9,MND|50-70|Female|Non Carriers,0.6049382716049382,MND,50-70,Female,All
10,MND|50-70|Female|All,0.5072222222222222,MND,50-70,Female,All
11,MND|50-70|Female|All,0.4330555555555555,MND,50-70,Female,All
12,MND|50-70|All|Carriers,0.5444,MND,50-70,All,All
13,MND|50-70|All|Carriers,0.6112000000000001,MND,50-70,All,All
14,MND|50-70|All|Non Carriers,0.4249107330392774,MND,50-70,All,All
15,MND|50-70|All|Non Carriers,0.5030455786599454,MND,50-70,All,All
16,MND|50-70|All|All,0.49576271186440674,MND,50-70,All,All
17,MND|50-70|All|All,0.49791726515369145,MND,50-70,All,All
18,MND|55-70|Male|Carriers,0.5935727788279772,MND,55-70,Male,All
19,MND|55-70|Male|Carriers,0.4669187145557656,MND,55-70,Male,All
20,MND|55-70|Male|Non Carriers,0.5943877551020408,MND,55-70,Male,All
21,MND|55-70|Male|Non Carriers,0.5012755102040817,MND,55-70,Male,All
22,MND|55-70|Male|All,0.4922337278106509,MND,55-70,Male,All
23,MND|55-70|Male|All,0.4726331360946746,MND,55-70,Male,All
24,MND|55-70|Female|Carriers,0.5215419501133787,MND,55-70,Female,All
25,MND|55-70|Female|Carriers,0.4693877551020408,MND,55-70,Female,All
26,MND|55-70|Female|Non Carriers,0.53515625,MND,55-70,Female,All
27,MND|55-70|Female|Non Carriers,0.4384765625,MND,55-70,Female,All
28,MND|55-70|Female|All,0.5713777144891421,MND,55-70,Female,All
29,MND|55-70|Female|All,0.7048771804912781,MND,55-70,Female,All
30,MND|55-70|All|Carriers,0.5351239669421488,MND,55-70,All,All
31,MND|55-70|All|Carriers,0.4524793388429752,MND,55-70,All,All
32,MND|55-70|All|Non Carriers,0.46611111111111114,MND,55-70,All,All
33,MND|55-70|All|Non Carriers,0.5083333333333333,MND,55-70,All,All
34,MND|55-70|All|All,0.4997226331360946,MND,55-70,All,All
35,MND|55-70|All|All,0.5180288461538461,MND,55-70,All,All
36,MND|60-70|Male|Carriers,0.4127423822714681,MND,60-70,Male,All
37,MND|60-70|Male|Carriers,0.5983379501385041,MND,60-70,Male,All
38,MND|60-70|Male|Non Carriers,0.5141776937618148,MND,60-70,Male,All
39,MND|60-70|Male|Non Carriers,0.5935727788279773,MND,60-70,Male,All
40,MND|60-70|Male|All,0.48866213151927435,MND,60-70,Male,All
41,MND|60-70|Male|All,0.4268707482993197,MND,60-70,Male,All
42,MND|60-70|Female|Carriers,0.7162629757785467,MND,60-70,Female,All
43,MND|60-70|Female|Carriers,0.36678200692041524,MND,60-70,Female,All
44,MND|60-70|Female|Non Carriers,0.49112426035502954,MND,60-70,Female,All
45,MND|60-70|Female|Non Carriers,0.6301775147928994,MND,60-70,Female,All
46,MND|60-70|Female|All,0.49540292049756623,MND,60-70,Female,All
47,MND|60-70|Female|All,0.5792320173066522,MND,60-70,Female,All
48,MND|60-70|All|Carriers,0.5408950617283951,MND,60-70,All,All
49,MND|60-70|All|Carriers,0.5794753086419754,MND,60-70,All,All
50,MND|60-70|All|Non Carriers,0.3956684714702208,MND,60-70,All,All
51,MND|60-70|All|Non Carriers,0.49562682215743437,MND,60-70,All,All
52,MND|60-70|All|All,0.500484429065744,MND,60-70,All,All
53,MND|60-70|All|All,0.5198615916955017,MND,60-70,All,All
54,MND|50-60|Male|Carriers,0.38271604938271603,MND,50-60,Male,All
55,MND|50-60|Male|Carriers,0.4074074074074074,MND,50-60,Male,All
56,MND|50-60|Male|Non Carriers,0.66,MND,50-60,Male,All
57,MND|50-60|Male|Non Carriers,0.6000000000000001,MND,50-60,Male,All
58,MND|50-60|Male|All,0.645,MND,50-60,Male,All
59,MND|50-60|Male|All,0.40750000000000003,MND,50-60,Male,All
60,MND|50-60|Female|Carriers,0.5555555555555556,MND,50-60,Female,All
61,MND|50-60|Female|Carriers,0.5555555555555555,MND,50-60,Female,All
62,MND|50-60|Female|Non Carriers,0.7633136094674556,MND,50-60,Female,All
63,MND|50-60|Female|Non Carriers,0.39644970414201186,MND,50-60,Female,All
64,MND|50-60|Female|All,0.5238095238095238,MND,50-60,Female,All
65,MND|50-60|Female|All,0.39229024943310653,MND,50-60,Female,All
66,MND|50-60|All|Carriers,0.6111111111111112,MND,50-60,All,All
67,MND|50-60|All|Carriers,0.3672839506172839,MND,50-60,All,All
68,MND|50-60|All|Non Carriers,0.5614366729678639,MND,50-60,All,All
69,MND|50-60|All|Non Carriers,0.5085066162570889,MND,50-60,All,All
70,MND|50-60|All|All,0.5630577037477692,MND,50-60,All,All
71,MND|50-60|All|All,0.4211778703152885,MND,50-60,All,All
72,FTD|50-70|Male|Carriers,0.5619834710743801,FTD,50-70,Male,All
73,FTD|50-70|Male|Carriers,0.45454545454545453,FTD,50-70,Male,All
74,FTD|50-70|Male|Non Carriers,0.45408163265306123,FTD,50-70,Male,All
75,FTD|50-70|Male|Non Carriers,0.5918367346938775,FTD,50-70,Male,All
76,FTD|50-70|Male|All,0.4363905325443787,FTD,50-70,Male,All
77,FTD|50-70|Male|All,0.6568047337278107,FTD,50-70,Male,All
78,FTD|50-70|Female|Carriers,0.5363321799307958,FTD,50-70,Female,All
79,FTD|50-70|Female|Carriers,0.629757785467128,FTD,50-70,Female,All
80,FTD|50-70|Female|Non Carriers,0.6088888888888889,FTD,50-70,Female,All
81,FTD|50-70|Female|Non Carriers,0.7333333333333333,FTD,50-70,Female,All
82,FTD|50-70|Female|All,0.6201171875,FTD,50-70,Female,All
83,FTD|50-70|Female|All,0.6318359375,FTD,50-70,Female,All
84,FTD|50-70|All|Carriers,0.5778061224489797,FTD,50-70,All,All
85,FTD|50-70|All|Carriers,0.5982142857142857,FTD,50-70,All,All
86,FTD|50-70|All|Non Carriers,0.6266349583828775,FTD,50-70,All,All
87,FTD|50-70|All|Non Carriers,0.4863258026159335,FTD,50-70,All,All
88,FTD|50-70|All|All,0.5949522930132348,FTD,50-70,All,All
89,FTD|50-70|All|All,0.6522006771314252,FTD,50-70,All,All
90,FTD|55-70|Male|Carriers,0.5900000000000001,FTD,55-70,Male,All
91,FTD|55-70|Male|Carriers,0.6600000000000001,FTD,55-70,Male,All
92,FTD|55-70|Male|Non Carriers,0.5857988165680473,FTD,55-70,Male,All
93,FTD|55-70|Male|Non Carriers,0.514792899408284,FTD,55-70,Male,All
94,FTD|55-70|Male|All,0.513888888888889,FTD,55-70,Male,All
95,FTD|55-70|Male|All,0.5711805555555556,FTD,55-70,Male,All
96,FTD|55-70|Female|Carriers,0.51171875,FTD,55-70,Female,All
97,FTD|55-70|Female|Carriers,0.62890625,FTD,55-70,Female,All
98,FTD|55-70|Female|Non Carriers,0.4693877551020408,FTD,55-70,Female,All
99,FTD|55-70|Female|Non Carriers,0.5816326530612246,FTD,55-70,Female,All
100,FTD|55-70|Female|All,0.5511111111111112,FTD,55-70,Female,All
101,FTD|55-70|Female|All,0.5833333333333333,FTD,55-70,Female,All
102,FTD|55-70|All|Carriers,0.5340236686390533,FTD,55-70,All,All
103,FTD|55-70|All|Carriers,0.514792899408284,FTD,55-70,All,All
104,FTD|55-70|All|Non Carriers,0.7297668038408778,FTD,55-70,All,All
105,FTD|55-70|All|Non Carriers,0.5061728395061729,FTD,55-70,All,All
106,FTD|55-70|All|All,0.6318974724101103,FTD,55-70,All,All
107,FTD|55-70|All|All,0.6632253470986116,FTD,55-70,All,All
108,FTD|60-70|Male|Carriers,0.5,FTD,60-70,Male,All
109,FTD|60-70|Male|Carriers,0.6666666666666667,FTD,60-70,Male,All
110,FTD|60-70|Male|Non Carriers,0.5,FTD,60-70,Male,All
111,FTD|60-70|Male|Non Carriers,0.44444444444444453,FTD,60-70,Male,All
112,FTD|60-70|Male|All,0.5570934256055363,FTD,60-70,Male,All
113,FTD|60-70|Male|All,0.5536332179930796,FTD,60-70,Male,All
114,FTD|60-70|Female|Carriers,0.6275510204081632,FTD,60-70,Female,All
115,FTD|60-70|Female|Carriers,0.6785714285714286,FTD,60-70,Female,All
116,FTD|60-70|Female|Non Carriers,0.7355371900826446,FTD,60-70,Female,All
117,FTD|60-70|Female|Non Carriers,0.48760330578512395,FTD,60-70,Female,All
118,FTD|60-70|Female|All,0.5711999999999999,FTD,60-70,Female,All
119,FTD|60-70|Female|All,0.6416,FTD,60-70,Female,All
120,FTD|60-70|All|Carriers,0.6487603305785125,FTD,60-70,All,All
121,FTD|60-70|All|Carriers,0.737603305785124,FTD,60-70,All,All
122,FTD|60-70|All|Non Carriers,0.6575,FTD,60-70,All,All
123,FTD|60-70|All|Non Carriers,0.615,FTD,60-70,All,All
124,FTD|60-70|All|All,0.6403461330448891,FTD,60-70,All,All
125,FTD|60-70|All|All,0.7641968631692806,FTD,60-70,All,All
126,FTD|50-60|Male|Carriers,0.5,FTD,50-60,Male,All
127,FTD|50-60|Male|Carriers,0.5,FTD,50-60,Male,All
128,FTD|50-60|Male|Non Carriers,0.5,FTD,50-60,Male,All
129,FTD|50-60|Male|Non Carriers,0.5,FTD,50-60,Male,All
130,FTD|50-60|Male|All,0.5599999999999999,FTD,50-60,Male,All
131,FTD|50-60|Male|All,0.66,FTD,50-60,Male,All
132,FTD|50-60|Female|Carriers,0.5,FTD,50-60,Female,All
133,FTD|50-60|Female|Carriers,0.5,FTD,50-60,Female,All
134,FTD|50-60|Female|Non Carriers,0.5,FTD,50-60,Female,All
135,FTD|50-60|Female|Non Carriers,0.5,FTD,50-60,Female,All
136,FTD|50-60|Female|All,0.4375,FTD,50-60,Female,All
137,FTD|50-60|Female|All,0.4375,FTD,50-60,Female,All
138,FTD|50-60|All|Carriers,0.5,FTD,50-60,All,All
139,FTD|50-60|All|Carriers,0.5,FTD,50-60,All,All
140,FTD|50-60|All|Non Carriers,0.4132231404958677,FTD,50-60,All,All
141,FTD|50-60|All|Non Carriers,0.628099173553719,FTD,50-60,All,All
142,FTD|50-60|All|All,0.3395061728395061,FTD,50-60,All,All
143,FTD|50-60|All|All,0.36728395061728397,FTD,50-60,All,All
144,VD|50-70|Male|Carriers,0.7742607246980424,VD,50-70,Male,All
145,VD|50-70|Male|Carriers,0.7181382757184507,VD,50-70,Male,All
146,VD|50-70|Male|Non Carriers,0.7773152965660768,VD,50-70,Male,All
147,VD|50-70|Male|Non Carriers,0.641519250780437,VD,50-70,Male,All
148,VD|50-70|Male|All,0.752109375,VD,50-70,Male,All
149,VD|50-70|Male|All,0.7425,VD,50-70,Male,All
150,VD|50-70|Female|Carriers,0.7114583333333332,VD,50-70,Female,All
151,VD|50-70|Female|Carriers,0.7321527777777778,VD,50-70,Female,All
152,VD|50-70|Female|Non Carriers,0.7912636837070889,VD,50-70,Female,All
153,VD|50-70|Female|Non Carriers,0.7376979487724519,VD,50-70,Female,All
154,VD|50-70|Female|All,0.7881670878549131,VD,50-70,Female,All
155,VD|50-70|Female|All,0.800611607806494,VD,50-70,Female,All
156,VD|50-70|All|Carriers,0.7474749600202004,VD,50-70,All,All
157,VD|50-70|All|Carriers,0.7432665600538676,VD,50-70,All,All
158,VD|50-70|All|Non Carriers,0.7125509275740676,VD,50-70,All,All
159,VD|50-70|All|Non Carriers,0.6942367786084411,VD,50-70,All,All
160,VD|50-70|All|All,0.7811424832370593,VD,50-70,All,All
161,VD|50-70|All|All,0.7687452947674296,VD,50-70,All,All
162,VD|55-70|Male|Carriers,0.7708333333333334,VD,55-70,Male,All
163,VD|55-70|Male|Carriers,0.6880425347222222,VD,55-70,Male,All
164,VD|55-70|Male|Non Carriers,0.7088888888888888,VD,55-70,Male,All
165,VD|55-70|Male|Non Carriers,0.7261111111111112,VD,55-70,Male,All
166,VD|55-70|Male|All,0.7517258382642997,VD,55-70,Male,All
167,VD|55-70|Male|All,0.75267094017094,VD,55-70,Male,All
168,VD|55-70|Female|Carriers,0.7263717322608446,VD,55-70,Female,All
169,VD|55-70|Female|Carriers,0.7635736857224936,VD,55-70,Female,All
170,VD|55-70|Female|Non Carriers,0.7139058171745152,VD,55-70,Female,All
171,VD|55-70|Female|Non Carriers,0.7489196675900276,VD,55-70,Female,All
172,VD|55-70|Female|All,0.742991278034888,VD,55-70,Female,All
173,VD|55-70|Female|All,0.7052999288002848,VD,55-70,Female,All
174,VD|55-70|All|Carriers,0.747030308323871,VD,55-70,All,All
175,VD|55-70|All|Carriers,0.7382740850729322,VD,55-70,All,All
176,VD|55-70|All|Non Carriers,0.7650780437044745,VD,55-70,All,All
177,VD|55-70|All|Non Carriers,0.7599167533818938,VD,55-70,All,All
178,VD|55-70|All|All,0.7972033107864954,VD,55-70,All,All
179,VD|55-70|All|All,0.7697064504520383,VD,55-70,All,All
180,VD|60-70|Male|Carriers,0.6896266540642723,VD,60-70,Male,All
181,VD|60-70|Male|Carriers,0.7403119092627599,VD,60-70,Male,All
182,VD|60-70|Male|Non Carriers,0.7248086734693878,VD,60-70,Male,All
183,VD|60-70|Male|Non Carriers,0.7346938775510203,VD,60-70,Male,All
184,VD|60-70|Male|All,0.7616417092768444,VD,60-70,Male,All
185,VD|60-70|Male|All,0.7116051862673485,VD,60-70,Male,All
186,VD|60-70|Female|Carriers,0.7151754902785961,VD,60-70,Female,All
187,VD|60-70|Female|Carriers,0.6856325225149398,VD,60-70,Female,All
188,VD|60-70|Female|Non Carriers,0.7230809882415115,VD,60-70,Female,All
189,VD|60-70|Female|Non Carriers,0.718192627824019,VD,60-70,Female,All
190,VD|60-70|Female|All,0.7589806330695543,VD,60-70,Female,All
191,VD|60-70|Female|All,0.7624167013744273,VD,60-70,Female,All
192,VD|60-70|All|Carriers,0.7614167966139451,VD,60-70,All,All
193,VD|60-70|All|Carriers,0.7595604069206208,VD,60-70,All,All
194,VD|60-70|All|Non Carriers,0.7058046848256639,VD,60-70,All,All
195,VD|60-70|All|Non Carriers,0.7318695290723262,VD,60-70,All,All
196,VD|60-70|All|All,0.7245639534883721,VD,60-70,All,All
197,VD|60-70|All|All,0.7624391563007031,VD,60-70,All,All
198,VD|50-60|Male|Carriers,0.5,VD,50-60,Male,All
199,VD|50-60|Male|Carriers,0.5,VD,50-60,Male,All
200,VD|50-60|Male|Non Carriers,0.5,VD,50-60,Male,All
201,VD|50-60|Male|Non Carriers,0.5,VD,50-60,Male,All
202,VD|50-60|Male|All,0.7265625,VD,50-60,Male,All
203,VD|50-60|Male|All,0.7890625,VD,50-60,Male,All
204,VD|50-60|Female|Carriers,0.7911111111111111,VD,50-60,Female,All
205,VD|50-60|Female|Carriers,0.76,VD,50-60,Female,All
206,VD|50-60|Female|Non Carriers,0.8265306122448979,VD,50-60,Female,All
207,VD|50-60|Female|Non Carriers,0.7908163265306123,VD,50-60,Female,All
208,VD|50-60|Female|All,0.807372175980975,VD,50-60,Female,All
209,VD|50-60|Female|All,0.7800237812128419,VD,50-60,Female,All
210,VD|50-60|All|Carriers,0.8128544423440454,VD,50-60,All,All
211,VD|50-60|All|Carriers,0.6332703213610585,VD,50-60,All,All
212,VD|50-60|All|Non Carriers,0.8822314049586777,VD,50-60,All,All
213,VD|50-60|All|Non Carriers,0.8161157024793388,VD,50-60,All,All
214,VD|50-60|All|All,0.7204938271604937,VD,50-60,All,All
215,VD|50-60|All|All,0.7293827160493828,VD,50-60,All,All
216,AD|50-70|Male|Carriers,0.7928392125776194,AD,50-70,Male,All
217,AD|50-70|Male|Carriers,0.7351037125115603,AD,50-70,Male,All
218,AD|50-70|Male|Non Carriers,0.6680414106556688,AD,50-70,Male,All
219,AD|50-70|Male|Non Carriers,0.6499452908004377,AD,50-70,Male,All
220,AD|50-70|Male|All,0.7634477720964208,AD,50-70,Male,All
221,AD|50-70|Male|All,0.7630679327976626,AD,50-70,Male,All
222,AD|50-70|Female|Carriers,0.7079919100936177,AD,50-70,Female,All
223,AD|50-70|Female|Carriers,0.6798023394007632,AD,50-70,Female,All
224,AD|50-70|Female|Non Carriers,0.672153541424766,AD,50-70,Female,All
225,AD|50-70|Female|Non Carriers,0.6401885117136807,AD,50-70,Female,All
226,AD|50-70|Female|All,0.7028979238754325,AD,50-70,Female,All
227,AD|50-70|Female|All,0.7218512110726643,AD,50-70,Female,All
228,AD|50-70|All|Carriers,0.7613845486111112,AD,50-70,All,All
229,AD|50-70|All|Carriers,0.7527777777777778,AD,50-70,All,All
230,AD|50-70|All|Non Carriers,0.6542344045368621,AD,50-70,All,All
231,AD|50-70|All|Non Carriers,0.657258979206049,AD,50-70,All,All
232,AD|50-70|All|All,0.7708411029557627,AD,50-70,All,All
233,AD|50-70|All|All,0.7646716921245784,AD,50-70,All,All
234,AD|55-70|Male|Carriers,0.7161349906887312,AD,55-70,Male,All
235,AD|55-70|Male|Carriers,0.7302760072067708,AD,55-70,Male,All
236,AD|55-70|Male|Non Carriers,0.6552380952380952,AD,55-70,Male,All
237,AD|55-70|Male|Non Carriers,0.6421768707482993,AD,55-70,Male,All
238,AD|55-70|Male|All,0.7408122462684289,AD,55-70,Male,All
239,AD|55-70|Male|All,0.7707106010195048,AD,55-70,Male,All
240,AD|55-70|Female|Carriers,0.7236368312757201,AD,55-70,Female,All
241,AD|55-70|Female|Carriers,0.7177640603566529,AD,55-70,Female,All
242,AD|55-70|Female|Non Carriers,0.6620224073542086,AD,55-70,Female,All
243,AD|55-70|Female|Non Carriers,0.6016230968112612,AD,55-70,Female,All
244,AD|55-70|Female|All,0.7165100935852845,AD,55-70,Female,All
245,AD|55-70|Female|All,0.707904550181075,AD,55-70,Female,All
246,AD|55-70|All|Carriers,0.7575459596207912,AD,55-70,All,All
247,AD|55-70|All|Carriers,0.7601428513961087,AD,55-70,All,All
248,AD|55-70|All|Non Carriers,0.6413159323533552,AD,55-70,All,All
249,AD|55-70|All|Non Carriers,0.5682398600414246,AD,55-70,All,All
250,AD|55-70|All|All,0.7435076463205179,AD,55-70,All,All
251,AD|55-70|All|All,0.7415568437045844,AD,55-70,All,All
252,AD|60-70|Male|Carriers,0.7594754993785122,AD,60-70,Male,All
253,AD|60-70|Male|Carriers,0.7768946622082947,AD,60-70,Male,All
254,AD|60-70|Male|Non Carriers,0.5428844723137423,AD,60-70,Male,All
255,AD|60-70|Male|Non Carriers,0.5410776915718993,AD,60-70,Male,All
256,AD|60-70|Male|All,0.7691503684807256,AD,60-70,Male,All
257,AD|60-70|Male|All,0.7890359268707483,AD,60-70,Male,All
258,AD|60-70|Female|Carriers,0.658308982939014,AD,60-70,Female,All
259,AD|60-70|Female|Carriers,0.7057215571684419,AD,60-70,Female,All
260,AD|60-70|Female|Non Carriers,0.6193554022185344,AD,60-70,Female,All
261,AD|60-70|Female|Non Carriers,0.6237225958599005,AD,60-70,Female,All
262,AD|60-70|Female|All,0.7409792893670446,AD,60-70,Female,All
263,AD|60-70|Female|All,0.7458379691535078,AD,60-70,Female,All
264,AD|60-70|All|Carriers,0.7371039010225982,AD,60-70,All,All
265,AD|60-70|All|Carriers,0.7306249210958212,AD,60-70,All,All
266,AD|60-70|All|Non Carriers,0.6487648981161092,AD,60-70,All,All
267,AD|60-70|All|Non Carriers,0.6373269896193772,AD,60-70,All,All
268,AD|60-70|All|All,0.7554279310827847,AD,60-70,All,All
269,AD|60-70|All|All,0.754096025413045,AD,60-70,All,All
270,AD|50-60|Male|Carriers,0.7511111111111111,AD,50-60,Male,All
271,AD|50-60|Male|Carriers,0.7466666666666667,AD,50-60,Male,All
272,AD|50-60|Male|Non Carriers,0.5390625,AD,50-60,Male,All
273,AD|50-60|Male|Non Carriers,0.40625,AD,50-60,Male,All
274,AD|50-60|Male|All,0.717391304347826,AD,50-60,Male,All
275,AD|50-60|Male|All,0.8308128544423442,AD,50-60,Male,All
276,AD|50-60|Female|Carriers,0.5406427221172023,AD,50-60,Female,All
277,AD|50-60|Female|Carriers,0.5765595463137997,AD,50-60,Female,All
278,AD|50-60|Female|Non Carriers,0.43767313019390586,AD,50-60,Female,All
279,AD|50-60|Female|Non Carriers,0.6343490304709142,AD,50-60,Female,All
280,AD|50-60|Female|All,0.48072562358276644,AD,50-60,Female,All
281,AD|50-60|Female|All,0.5856009070294784,AD,50-60,Female,All
282,AD|50-60|All|Carriers,0.6571733713065148,AD,50-60,All,All
283,AD|50-60|All|Carriers,0.6614453542185831,AD,50-60,All,All
284,AD|50-60|All|Non Carriers,0.6245674740484429,AD,50-60,All,All
285,AD|50-60|All|Non Carriers,0.578719723183391,AD,50-60,All,All
286,AD|50-60|All|All,0.6539833531510107,AD,50-60,All,All
287,AD|50-60|All|All,0.6949398863786498,AD,50-60,All,All
288,PD|50-70|Male|Carriers,0.6349099704380544,PD,50-70,Male,All
289,PD|50-70|Male|Carriers,0.5882827196990056,PD,50-70,Male,All
290,PD|50-70|Male|Non Carriers,0.6182726326742976,PD,50-70,Male,All
291,PD|50-70|Male|Non Carriers,0.5896774193548387,PD,50-70,Male,All
292,PD|50-70|Male|All,0.6127800440511411,PD,50-70,Male,All
293,PD|50-70|Male|All,0.6063678661262365,PD,50-70,Male,All
294,PD|50-70|Female|Carriers,0.6072415264706543,PD,50-70,Female,All
295,PD|50-70|Female|Carriers,0.6094876575099392,PD,50-70,Female,All
296,PD|50-70|Female|Non Carriers,0.5748865820838139,PD,50-70,Female,All
297,PD|50-70|Female|Non Carriers,0.6072279892349097,PD,50-70,Female,All
298,PD|50-70|Female|All,0.6245740389397483,PD,50-70,Female,All
299,PD|50-70|Female|All,0.6623901711212217,PD,50-70,Female,All
300,PD|50-70|All|Carriers,0.6101957813669525,PD,50-70,All,All
301,PD|50-70|All|Carriers,0.6035044053062071,PD,50-70,All,All
302,PD|50-70|All|Non Carriers,0.6215883402736466,PD,50-70,All,All
303,PD|50-70|All|Non Carriers,0.6023616894705532,PD,50-70,All,All
304,PD|50-70|All|All,0.6438522667371918,PD,50-70,All,All
305,PD|50-70|All|All,0.6424647087486799,PD,50-70,All,All
306,PD|55-70|Male|Carriers,0.5893281807372175,PD,55-70,Male,All
307,PD|55-70|Male|Carriers,0.5967598097502973,PD,55-70,Male,All
308,PD|55-70|Male|Non Carriers,0.6014426588750913,PD,55-70,Male,All
309,PD|55-70|Male|Non Carriers,0.5748265157048941,PD,55-70,Male,All
310,PD|55-70|Male|All,0.6218031198947505,PD,55-70,Male,All
311,PD|55-70|Male|All,0.6300510344229352,PD,55-70,Male,All
312,PD|55-70|Female|Carriers,0.5871636840672261,PD,55-70,Female,All
313,PD|55-70|Female|Carriers,0.6192916016930274,PD,55-70,Female,All
314,PD|55-70|Female|Non Carriers,0.6387458893614091,PD,55-70,Female,All
315,PD|55-70|Female|Non Carriers,0.6477505552590348,PD,55-70,Female,All
316,PD|55-70|Female|All,0.6120626113306443,PD,55-70,Female,All
317,PD|55-70|Female|All,0.5763958559407056,PD,55-70,Female,All
318,PD|55-70|All|Carriers,0.6058123698125301,PD,55-70,All,All
319,PD|55-70|All|Carriers,0.6565854830956577,PD,55-70,All,All
320,PD|55-70|All|Non Carriers,0.6264959919641029,PD,55-70,All,All
321,PD|55-70|All|Non Carriers,0.6380740280595555,PD,55-70,All,All
322,PD|55-70|All|All,0.6439655952919873,PD,55-70,All,All
323,PD|55-70|All|All,0.6373180423519943,PD,55-70,All,All
324,PD|60-70|Male|Carriers,0.5977,PD,60-70,Male,All
325,PD|60-70|Male|Carriers,0.5510999999999999,PD,60-70,Male,All
326,PD|60-70|Male|Non Carriers,0.59936,PD,60-70,Male,All
327,PD|60-70|Male|Non Carriers,0.552896,PD,60-70,Male,All
328,PD|60-70|Male|All,0.5930723852040817,PD,60-70,Male,All
329,PD|60-70|Male|All,0.5863759566326531,PD,60-70,Male,All
330,PD|60-70|Female|Carriers,0.6475335743801653,PD,60-70,Female,All
331,PD|60-70|Female|Carriers,0.5824186466942148,PD,60-70,Female,All
332,PD|60-70|Female|Non Carriers,0.5959798284475445,PD,60-70,Female,All
333,PD|60-70|Female|Non Carriers,0.6215477424827976,PD,60-70,Female,All
334,PD|60-70|Female|All,0.6113045146788739,PD,60-70,Female,All
335,PD|60-70|Female|All,0.6132918505523424,PD,60-70,Female,All
336,PD|60-70|All|Carriers,0.6231752783028776,PD,60-70,All,All
337,PD|60-70|All|Carriers,0.6000183784919135,PD,60-70,All,All
338,PD|60-70|All|Non Carriers,0.6279150427615665,PD,60-70,All,All
339,PD|60-70|All|Non Carriers,0.6296218544920181,PD,60-70,All,All
340,PD|60-70|All|All,0.6321281914186224,PD,60-70,All,All
341,PD|60-70|All|All,0.6652806765658206,PD,60-70,All,All
342,PD|50-60|Male|Carriers,0.5038265306122449,PD,50-60,Male,All
343,PD|50-60|Male|Carriers,0.6492346938775511,PD,50-60,Male,All
344,PD|50-60|Male|Non Carriers,0.5673898750821827,PD,50-60,Male,All
345,PD|50-60|Male|Non Carriers,0.6699539776462854,PD,50-60,Male,All
346,PD|50-60|Male|All,0.5573624415237247,PD,50-60,Male,All
347,PD|50-60|Male|All,0.5823123190020049,PD,50-60,Male,All
348,PD|50-60|Female|Carriers,0.5137051039697542,PD,50-60,Female,All
349,PD|50-60|Female|Carriers,0.6417769376181475,PD,50-60,Female,All
350,PD|50-60|Female|Non Carriers,0.6748060902039643,PD,50-60,Female,All
351,PD|50-60|Female|Non Carriers,0.5834530307382936,PD,50-60,Female,All
352,PD|50-60|Female|All,0.5968253968253968,PD,50-60,Female,All
353,PD|50-60|Female|All,0.6625850340136055,PD,50-60,Female,All
354,PD|50-60|All|Carriers,0.6050036523009497,PD,50-60,All,All
355,PD|50-60|All|Carriers,0.5071219868517165,PD,50-60,All,All
356,PD|50-60|All|Non Carriers,0.5788213244481466,PD,50-60,All,All
357,PD|50-60|All|Non Carriers,0.6001665972511453,PD,50-60,All,All
358,PD|50-60|All|All,0.6106679286100595,PD,50-60,All,All
359,PD|50-60|All|All,0.5915697674418605,PD,50-60,All,All
